"","Бренд","Вид","Гарантия","Звуковой сигнал при закипании","Индикация включения","Кнопка открывания крышки","Корзина для заварки чая","Максимальная потребляемая мощность (Вт)","Максимальный объем (л)","Масса (кг)","Материал корпуса","Нагревательный элемент","Подсветка корпуса","Состав набора","Страна производства","Тип управления","Уникальное описание","Фильтр","Цвет","Цена, (р)"
"Bosch TWK1201N","Bosch",NA,NA,"нет","есть",NA,"нет","1800","1,7",NA,"металл","скрытый","нет",NA,NA,"механический",NA,"есть","белый","2480"
"Bosch TWK6001","Bosch",NA,NA,"нет","есть",NA,"нет","2400","1,7",NA,"пластик","скрытый","нет",NA,NA,"механический",NA,"есть","белый","2130"
"Bosch TWK6002","Bosch",NA,NA,"нет","есть",NA,"нет","2400","1,7",NA,"пластик","скрытый","нет",NA,NA,"механический",NA,"есть","синий","2130"
"Bosch TWK6003","Bosch",NA,NA,"нет","есть",NA,"нет","2400","1,7",NA,"пластик","скрытый","нет",NA,NA,"механический",NA,"есть","черный","2130"
"Bosch TWK6004","Bosch",NA,NA,"нет","есть",NA,"нет","2400","1,7",NA,"пластик","скрытый","нет",NA,NA,"механический",NA,"есть","красный","2130"
"Bosch TWK6005","Bosch",NA,NA,"нет","есть",NA,"нет","2400","1,7",NA,"пластик","скрытый","нет",NA,NA,"механический",NA,"есть","серый","2130"
"Bosch TWK6006","Bosch",NA,NA,"нет","есть",NA,"нет","2400","1,7",NA,"пластик","скрытый","нет",NA,NA,"механический",NA,"есть","желтый","2130"
"Bosch TWK6007","Bosch",NA,NA,"нет","есть",NA,"нет","2400","1,7",NA,"пластик","скрытый","нет",NA,NA,"механический",NA,"есть","кофейный","2130"
"Bosch TWK6008","Bosch",NA,NA,"нет","есть",NA,"нет","2400","1,7",NA,"пластик","скрытый","нет",NA,NA,"механический",NA,"есть","бордовый","2130"
"Bosch TWK6801","Bosch",NA,NA,"нет","есть",NA,"нет","2400","1,7",NA,"Нержавеющая сталь","скрытый","нет",NA,NA,"механический",NA,"есть","стальной","3080"
"Bosch TWK7704","Bosch",NA,NA,"нет","есть",NA,"нет","2200","1,7",NA,"пластик","скрытый","есть",NA,NA,"механический",NA,"есть","красный","2360"
"Bosch TWK7706","Bosch",NA,NA,"нет","есть",NA,"нет","2200","1,7",NA,"пластик","скрытый","есть",NA,NA,"механический",NA,"есть","серый","2430"
"Philips HD9302","Philips",NA,NA,"нет","есть",NA,"нет","2200","1,5",NA,"Нержавеющая сталь","скрытый","нет",NA,NA,"механический","Новая модель","есть","серебристый","2030"
"Philips HD9306","Philips",NA,NA,"нет","есть",NA,"нет","1800","1,6",NA,"Нержавеющая сталь","скрытый","нет",NA,NA,"механический","Новая модель","есть","серебристый металлик","1970"
"Philips HD4646","Philips",NA,NA,"нет","есть",NA,"нет","2400","1,5",NA,"пластик","скрытый","нет",NA,NA,"механический",NA,"есть","белый","1720"
"Philips HD4646/20","Philips",NA,NA,"нет","есть",NA,"нет","2400","1,5",NA,"пластик","скрытый","нет",NA,NA,"механический",NA,"есть","черный","1720"
"Philips HD4646/40","Philips",NA,NA,"нет","есть",NA,"нет","2400","1,5",NA,"пластик","скрытый","нет",NA,NA,"механический",NA,"есть","белый","1720"
"Philips HD4646/70","Philips",NA,NA,"нет","есть",NA,"нет","2400","1,5",NA,"пластик","скрытый","нет",NA,NA,"механический",NA,"есть","белый","1720"
"Philips HD4677/40","Philips",NA,"2 года","есть","есть",NA,"нет","2400","1,7",NA,"пластик","скрытый","есть",NA,"Германия","механический",NA,"есть","белый","2980"
"Philips HD4678/55","Philips",NA,NA,"нет","есть",NA,"нет","2400","1,2",NA,"пластик","скрытый","нет",NA,NA,"механический",NA,"есть","белый","2930"
"Philips HD4678/40","Philips",NA,"2 года","нет","есть",NA,"нет","2400","1,2",NA,"пластик","скрытый","нет",NA,NA,"механический",NA,"есть","белый","2930"
"Philips HD9342","Philips",NA,NA,"нет","есть",NA,"нет","2200","1,5",NA,"стекло, металл","скрытый","нет",NA,NA,"механический",NA,"есть","черный","3780"
"Bosch TWK3A013","Bosch",NA,NA,"нет","есть",NA,"нет","2400","1,7",NA,"пластик","скрытый","нет",NA,NA,"механический",NA,"есть","черный","1890"
"Philips HD4665/30","Philips",NA,"2 года","нет","есть",NA,"нет","2400","1,7",NA,"металл","скрытый","нет",NA,NA,"механический",NA,"есть","зеленый","3380"
"Bosch TWK3A014","Bosch",NA,NA,"нет","есть",NA,"нет","2400","1,7",NA,"пластик","скрытый","нет",NA,NA,"механический",NA,"есть","красный","1890"
"Bosch TWK3A017","Bosch",NA,NA,"нет","есть",NA,"нет","2400","1,7",NA,"пластик","скрытый","нет",NA,NA,"механический",NA,"есть","бежевый","1890"
"Philips HD9340","Philips",NA,"2 года","нет","есть",NA,"нет","2200","1,5",NA,"стекло, металл","скрытый","нет",NA,NA,"механический",NA,"есть","черный","3450"
"Philips HD4677/50","Philips",NA,"2 года","есть","есть",NA,"нет","2400","1,7",NA,"пластик","скрытый","есть",NA,"Германия","механический",NA,"есть","серый","2970"
"Philips HD4681","Philips",NA,"2 года","нет","есть",NA,"нет","2400","1,7",NA,"пластик","скрытый","нет",NA,NA,"механический",NA,"есть","белый","2590"
"Philips HD9310/14","Philips",NA,NA,"нет","есть",NA,"нет","2400","1,6",NA,"пластик","скрытый","нет",NA,NA,"механический",NA,"есть","белый","1980"
"Philips HD9310/93","Philips",NA,NA,"нет","есть",NA,"нет","2400","1,6",NA,"пластик","скрытый","нет",NA,NA,"механический",NA,"есть","черный","1980"
"Philips HD4699","Philips",NA,"2 года","есть","есть",NA,"нет","2400","1,7",NA,"пластик","скрытый","есть",NA,NA,"механический",NA,"есть","черный","2590"
"Philips HD9300","Philips",NA,NA,"нет","есть",NA,"нет","2400","1,5",NA,"пластик","скрытый","нет",NA,NA,"механический",NA,"есть","белый","1740"
"Philips HD9300/90","Philips",NA,NA,"нет","есть",NA,"нет","2400","1,5",NA,"пластик","скрытый","нет",NA,NA,"механический",NA,"есть","черный","1790"
"Philips HD9304","Philips",NA,NA,"нет","есть",NA,"нет","2400","1,5",NA,"пластик","скрытый","нет",NA,NA,"механический",NA,"есть","белый","1830"
"Oursson EK1760M/OR","Oursson",NA,NA,"нет","есть",NA,"нет","2400","1,7",NA,"Нержавеющая сталь","скрытый","нет",NA,NA,"механический",NA,"есть","оранжевый","3490"
"Philips HD9320","Philips",NA,"2 года","нет","есть",NA,"нет","2200","1,7",NA,"металл","скрытый","нет",NA,NA,"механический",NA,"есть","стальной","2390"
"Philips HD9323/40","Philips",NA,"2 год","нет","есть",NA,"нет","2200","1,7",NA,"металл","скрытый","нет",NA,NA,"механический",NA,"есть","сиреневый","2730"
"Panasonic NC-GK1WTQ","Panasonic",NA,"1 год","нет","есть",NA,"нет","2200","1,7",NA,"пластик","скрытый","нет",NA,NA,"механический",NA,"есть","белый","2490"
"Panasonic NC-SK1BTQ","Panasonic",NA,"1 год","нет","есть",NA,"нет","2200","1,7",NA,"пластик","скрытый","нет",NA,NA,"механический",NA,"есть","стальной","2990"
"Unit UEK-252 white","Unit",NA,"2 года","нет","есть",NA,"нет","2000","1,7",NA,"керамика","скрытый","есть","электрический чайник, заварной чайник, подставка",NA,"механический","Новая модель","есть","белый","4190"
"Philips HD9325","Philips",NA,"2 год","нет","есть",NA,"нет","2200","1,7",NA,"металл","скрытый","нет",NA,NA,"механический","Новая модель","есть","шампань","2730"
"Philips HD9323/80","Philips",NA,"2 года","нет","есть",NA,"нет","2200","1,7",NA,"металл","скрытый","нет",NA,NA,"механический",NA,"есть","стальной","2730"
"Ariete 2894","Ariete","чаеварки",NA,"нет","есть",NA,"есть","2400","1",NA,"пластик","скрытый","нет",NA,NA,"механический","Новая модель","есть","черный","7460"
"Ariete 2872","Ariete","чаеварки",NA,"нет","есть",NA,"нет","2200","1,7","1,5","пластик","скрытый","нет",NA,NA,"механический","Новая модель","нет","черный","2990"
"Ariete 2891","Ariete","чайники",NA,"нет","есть",NA,"нет","1080","0,8","0,75","металл","скрытый","нет",NA,NA,"механический","Новая модель","нет","красный","3070"
"Bosch TTA2201","Bosch",NA,NA,"нет","есть",NA,"есть","1785","2",NA,"пластик","скрытый","нет",NA,NA,"механический","Новая модель","есть","белый","4870"
"Philips HD4681/55","Philips",NA,"2 года","нет","есть",NA,"нет","2400","1,7",NA,"пластик","скрытый","нет",NA,NA,"механический",NA,"есть","белый","2640"
"Bosch TWK6303","Bosch",NA,NA,"нет","есть",NA,"нет","2400","1,7",NA,"Нержавеющая сталь","скрытый","нет",NA,NA,"механический","Новая модель","есть","стальной","3140"
"Bosch TWK7701","Bosch",NA,NA,"нет","есть",NA,"нет","2200","1,7",NA,"пластик","скрытый","нет",NA,NA,"механический","Новая модель","есть","белый","2460"
"Bosch TWK7805","Bosch",NA,NA,NA,"есть","есть",NA,"2200","1,7",NA,NA,"скрытый",NA,NA,NA,NA,"Новая модель",NA,NA,"3130"
"Supra KES-1708","Supra",NA,NA,NA,NA,NA,NA,NA,NA,NA,NA,NA,NA,NA,NA,NA,NA,NA,NA,"950"
"Bosch TTA2009","Bosch",NA,NA,"нет","есть",NA,"есть","1785","2",NA,"пластик","скрытый","нет",NA,NA,"механический",NA,"есть","бежевый","3860"
"Bosch TWK1102","Bosch",NA,NA,"нет","есть",NA,"нет","2000","1,7",NA,"пластик","скрытый","нет",NA,NA,"механический",NA,"есть","белый","960"
"Bosch TWK7601","Bosch",NA,NA,"нет","есть",NA,"нет","2200","1,7",NA,"пластик","скрытый","нет",NA,NA,"механический",NA,"есть","белый","1470"
"Bosch TWK7001","Bosch",NA,NA,"нет","есть",NA,"нет","2400","1,7",NA,"пластик","скрытый","нет",NA,NA,"механический",NA,"есть","белый","1180"
"Bosch TWK7003","Bosch",NA,NA,"нет","есть",NA,"нет","2400","1,7",NA,"пластик","скрытый","нет",NA,NA,"механический",NA,"есть","оранжевый","1180"
"Bosch TWK7006","Bosch",NA,NA,"нет","есть",NA,"нет","2400","1,7",NA,"пластик","скрытый","нет",NA,NA,"механический",NA,"есть","зеленый","1180"
"Bosch TWK7007","Bosch",NA,NA,"нет","есть",NA,"нет","2400","1,7",NA,"пластик","скрытый","нет",NA,NA,"механический",NA,"есть","фиолетовый","1180"
"Bosch TWK86103","Bosch",NA,NA,"нет","есть",NA,"нет","2400","1,5",NA,"металл/пластик","скрытый","нет",NA,NA,"механический",NA,"есть","черный","5990"
"Bosch TWK8611","Bosch",NA,NA,"есть","есть",NA,"нет","2400","1,5",NA,"металл/пластик","скрытый","нет",NA,NA,"электронный",NA,"есть","белый","5990"
"Braun WK300 Красный","Braun",NA,NA,"нет","есть",NA,"нет","2200","1,6",NA,"пластик","скрытый","нет",NA,NA,"механический",NA,"есть","красный","2990"
"Braun WK300 Черный","Braun",NA,NA,"нет","есть",NA,"нет","2200","1,6",NA,"пластик","скрытый","нет",NA,NA,"механический",NA,"есть","черный","2990"
"Braun WK500 черный","Braun",NA,NA,"нет","есть",NA,"нет","3000","1,7",NA,"пластик","скрытый","нет",NA,NA,"механический",NA,"есть","черный","1950"
"Braun WK600","Braun",NA,NA,"нет","есть",NA,"нет","2200","1,7",NA,"Нержавеющая сталь","скрытый","нет",NA,NA,"механический",NA,"есть","стальной","3990"
"DeLonghi KBO2001.BK","DeLonghi",NA,NA,"нет","есть",NA,"нет","2000","1,7",NA,"пластик","скрытый","нет",NA,NA,"механический",NA,"есть","черный","9990"
"DeLonghi KBO2001.R","DeLonghi",NA,NA,"нет","есть",NA,"нет","2000","1,7",NA,"пластик","скрытый","нет",NA,NA,"механический",NA,"есть","красный","9990"
"DeLonghi KBO2001.W","DeLonghi",NA,NA,"нет","есть",NA,"нет","2000","1,7",NA,"пластик","скрытый","нет",NA,NA,"механический",NA,"есть","белый","9990"
"Gorenje K10W","Gorenje",NA,NA,"нет","есть",NA,"нет","1300","1",NA,"пластик","скрытый","нет",NA,NA,"механический",NA,"есть","белый","1890"
"Kenwood JKP220","Kenwood",NA,NA,"нет","есть",NA,"нет","2200","1,6",NA,"пластик","скрытый","нет",NA,NA,"механический",NA,"есть","белый","1250"
"Kenwood JKP230","Kenwood",NA,NA,"нет","есть",NA,"нет","2200","1,6",NA,"пластик","скрытый","нет",NA,NA,"механический",NA,"есть","белый","1540"
"Kenwood SJM020A","Kenwood",NA,NA,"нет","есть",NA,"нет","2200","1",NA,"Нержавеющая сталь","скрытый","нет",NA,NA,"механический",NA,"есть","белый","2390"
"Kenwood SJM021A","Kenwood",NA,NA,"нет","есть",NA,"нет","2200","1",NA,"Нержавеющая сталь","скрытый","нет",NA,NA,"механический",NA,"есть","красный","2210"
"Kenwood SJM030","Kenwood",NA,NA,"нет","есть",NA,"нет","2200","1,6",NA,"Нержавеющая сталь","скрытый","нет",NA,NA,"механический",NA,"есть","белый","4590"
"Kenwood SJM031","Kenwood",NA,NA,"нет","есть",NA,"нет","2200","1,6",NA,"Нержавеющая сталь","скрытый","нет",NA,NA,"механический",NA,"есть","красный","3990"
"Kenwood SJM034","Kenwood",NA,NA,"нет","есть",NA,"нет","2200","1,6",NA,"Нержавеющая сталь","скрытый","нет",NA,NA,"механический",NA,"есть","черный","3140"
"Kenwood SJM160","Kenwood",NA,NA,"нет","есть",NA,"нет","2200","1,6",NA,"Нержавеющая сталь","скрытый","нет",NA,NA,"механический",NA,"есть","стальной","2490"
"Kenwood SJM290","Kenwood",NA,NA,"нет","есть",NA,"нет","2200","1,7",NA,"Нержавеющая сталь","скрытый","нет",NA,NA,"механический",NA,"есть","стальной","1590"
"Kenwood SKM034","Kenwood",NA,NA,"нет","есть",NA,"нет","2200","1,25",NA,"Нержавеющая сталь","скрытый","нет",NA,NA,"механический",NA,"есть","черный","4490"
"Moulinex BAB1L1","Moulinex",NA,NA,"нет","есть",NA,"нет","2200","1,7",NA,"пластик","скрытый","нет",NA,NA,"механический",NA,"есть","белый","1060"
"Philips HD4649","Philips",NA,NA,"нет","есть",NA,"нет","2400","1,7",NA,"пластик","скрытый","нет",NA,NA,"механический",NA,"есть","серый","1220"
"Philips HD4649/20","Philips",NA,NA,"нет","есть",NA,"нет","2400","1,7",NA,"пластик","скрытый","нет",NA,NA,"механический",NA,"есть","черный","1080"
"Philips HD4649/40","Philips",NA,NA,"нет","есть",NA,"нет","2400","1,7",NA,"пластик","скрытый","нет",NA,NA,"механический",NA,"есть","голубой","1220"
"Philips HD4649/53","Philips",NA,NA,"нет","есть",NA,"нет","2400","1,7",NA,"пластик","скрытый","нет",NA,NA,"механический",NA,"есть","желтый","1220"
"Philips HD4649/55","Philips",NA,"2 года","нет","есть",NA,"нет","2400","1,7",NA,"пластик","скрытый","нет",NA,NA,"механический",NA,"есть","зеленый","1220"
"Philips HD4654","Philips",NA,"2 года","нет","есть",NA,NA,"2400","1,7",NA,"металл/пластик","скрытый","нет",NA,NA,"механический",NA,"есть","стальной","3780"
"Philips HD4665/20","Philips",NA,"2 года","нет","есть",NA,"нет","2400","1,7",NA,"металл","скрытый","нет",NA,NA,"механический",NA,"есть","серый","3590"
"Philips HD4667","Philips",NA,"2 года","нет","есть",NA,"нет","2400","1,7",NA,"металл","скрытый","есть",NA,NA,"механический",NA,"есть","серый","4270"
"Philips HD4670","Philips",NA,"2 года","нет","есть",NA,"нет","2400","1,7",NA,"металл","скрытый","нет",NA,NA,"механический",NA,"есть","серый","3180"
"Philips HD4686/30","Philips",NA,NA,"есть","есть",NA,"нет","2400","1,5",NA,"металл/пластик","скрытый","нет",NA,NA,"электронный",NA,"есть","белый","5990"
"Philips HD4686/60","Philips",NA,NA,"есть","есть",NA,"нет","2400","1,5",NA,"металл/пластик","скрытый","нет",NA,NA,"электронный",NA,"есть","бежевый","5990"
"Philips HD4686/90","Philips",NA,NA,"есть","есть",NA,"нет","2400","1,5",NA,"металл/пластик","скрытый","нет",NA,NA,"электронный",NA,"есть","черный","5990"
"Philips HD4690","Philips",NA,"2 года","есть","есть",NA,"нет","2400","1,5",NA,"металл","скрытый","есть",NA,NA,"механический","Да","есть","серый","4590"
"Tefal BF2631","Tefal",NA,NA,"нет","есть",NA,"нет","2400","1,7",NA,"пластик","скрытый","нет",NA,NA,"механический",NA,"есть","белый","1290"
"Tefal BF2632","Tefal",NA,NA,"нет","есть",NA,"нет","2400","1,7",NA,"пластик","скрытый","нет",NA,NA,"механический",NA,"есть","желтый","1280"
"Tefal BF5601","Tefal",NA,NA,"нет","есть",NA,"нет","2200","1,7",NA,"пластик","скрытый","нет",NA,NA,"механический",NA,"есть","белый","1290"
"Tefal BF5611","Tefal",NA,NA,"нет","есть",NA,"нет","2200","1,7",NA,"пластик","скрытый","нет",NA,NA,"механический",NA,"есть","желтый","1140"
"Tefal BF6120","Tefal",NA,NA,"нет","есть",NA,"нет","2200","1",NA,"пластик","скрытый","нет",NA,NA,"механический",NA,"есть","белый","1240"
"Tefal BF6623","Tefal",NA,NA,"нет","есть",NA,"нет","2200","1,7",NA,"пластик","скрытый","нет",NA,NA,"механический",NA,"есть","голубой","1690"
"Tefal BF6630","Tefal",NA,NA,"нет","есть",NA,"нет","2200","1,7",NA,"металл/пластик","скрытый","нет",NA,NA,"механический",NA,"есть","белый","1490"
"Tefal BI6625","Tefal",NA,NA,"нет","есть",NA,"нет","2400","1,7",NA,"металл","скрытый","нет",NA,NA,"механический",NA,"есть","алюминиевый","2290"
"Tefal BI7625","Tefal",NA,NA,"нет","есть",NA,"нет","2200","1,7",NA,"металл/пластик","скрытый","нет",NA,NA,"механический",NA,"есть","алюминиевый","2240"
"Tefal BI9625","Tefal",NA,NA,"нет","есть",NA,"нет","2400","1,7",NA,"металл/пластик","скрытый","нет",NA,NA,"механический",NA,"есть","алюминиевый","2630"
"Tefal BK2630","Tefal",NA,NA,"нет","есть",NA,"есть","2200","1,7",NA,"пластик","скрытый","нет",NA,NA,"механический",NA,"есть","белый","2930"
"Tefal BK9635","Tefal",NA,NA,"нет","есть",NA,"есть","2400","1,7",NA,"металл/пластик","скрытый","нет",NA,NA,"механический",NA,"есть","алюминиевый","4490"
"Tefal KI2015","Tefal",NA,NA,"нет","есть",NA,"нет","2400","1,7",NA,"металл","скрытый","нет",NA,NA,"механический",NA,"есть","алюминиевый","1870"
"Tefal KI2016","Tefal",NA,NA,"нет","есть",NA,"нет","2400","1,7",NA,"металл","скрытый","нет",NA,NA,"механический",NA,"есть","черный","1930"
"Tefal KI410D","Tefal",NA,"2 года","нет","есть",NA,"нет","2400","1,5",NA,"металл","скрытый","нет",NA,NA,"механический",NA,"есть","стальной","3380"
"Tefal KO1021","Tefal",NA,NA,"нет","есть",NA,"нет","650","0,4",NA,"пластик","скрытый","нет",NA,NA,"механический",NA,"есть","белый","940"
"Tefal KO2991","Tefal",NA,"2 года","нет","есть",NA,"нет","2200","1,5",NA,"пластик","скрытый","нет",NA,NA,"механический",NA,"есть","белый","2410"
"Tefal KO4108","Tefal",NA,NA,"нет","есть",NA,"нет","2400","1,5",NA,"пластик","скрытый","есть",NA,NA,"механический",NA,"есть","черный","4530"
"Philips HD4654/40","Philips",NA,"2 года","нет","есть",NA,NA,"2400","1,7",NA,"металл/пластик","скрытый","нет",NA,NA,"механический",NA,"есть","красный","3790"
"Moulinex BY5200","Moulinex",NA,NA,"нет","есть","есть",NA,"3000","2",NA,"Нержавеющая сталь","скрытый","нет",NA,NA,"механический",NA,"есть","стальной","2250"
"Tefal KO7001","Tefal",NA,NA,"нет","есть",NA,NA,"2400","1",NA,"керамика","скрытый","нет",NA,NA,"механический",NA,"есть","белый","4990"
"Tefal BF6634","Tefal",NA,NA,"нет","есть",NA,NA,"2200","1,7",NA,"металл/пластик","скрытый","нет",NA,NA,"механический",NA,"есть","шоколадный","1490"
"Bosch TWK86104","Bosch",NA,NA,"нет","есть",NA,"нет","2400","1,5",NA,"металл/пластик","скрытый","нет",NA,NA,"механический",NA,"есть","красный","5990"
"Braun WK500 белый","Braun",NA,NA,"нет","есть",NA,"нет","3000","1,7",NA,"пластик","скрытый","нет",NA,NA,"механический",NA,"есть","белый","2990"
"Tefal KI170D40","Tefal",NA,NA,"нет","есть",NA,NA,"2400","1,7",NA,"Нержавеющая сталь","скрытый","нет",NA,NA,"механический",NA,"есть","стальной","2890"
"Bosch TWK3A011","Bosch",NA,NA,"нет","есть",NA,"нет","2400","1,7",NA,"пластик","скрытый","нет",NA,NA,"механический",NA,"есть","белый","2080"
"Philips HD4665/40","Philips",NA,"2 года","нет","есть",NA,"нет","2400","1,7",NA,"металл","скрытый","нет",NA,NA,"механический",NA,"есть","красный","3680"
"Philips HD4665/50","Philips",NA,"2 года","нет","есть",NA,"нет","2400",NA,NA,"металл","скрытый","нет",NA,NA,"механический",NA,"есть","бежевый","3690"
"Philips HD9321","Philips",NA,NA,"нет","есть",NA,"нет","2200","1,7",NA,"металл","скрытый","нет",NA,NA,"механический",NA,"есть","серый","2090"
"Philips HD4676","Philips",NA,"2 года","есть","есть",NA,"нет","2400","1",NA,"металл","скрытый","есть",NA,"Германия","механический",NA,"есть","черный","1430"
"Philips HD4677/20","Philips",NA,"2 года","есть","есть",NA,"нет","2400","1,7",NA,"пластик","скрытый","есть",NA,"Германия","механический",NA,"есть","черный","1680"
"Philips HD4647","Philips",NA,NA,"нет","есть",NA,"нет","2400","1,5",NA,"пластик","скрытый","нет",NA,NA,"механический",NA,"есть","белый","1350"
"Philips HD9382","Philips",NA,NA,"есть","есть",NA,"нет","2200","1,5",NA,"стекло, металл","скрытый","нет",NA,NA,"механический",NA,"есть","черный","3990"
"Scarlett SC-222","Scarlett",NA,NA,NA,NA,NA,NA,"2200","1,7",NA,"металл","скрытый",NA,NA,NA,"механический",NA,NA,NA,"1090"
"Supra KES-1722","Supra",NA,NA,"нет","есть",NA,"нет","1200","1,7",NA,"пластик","скрытый",NA,NA,NA,"механический",NA,"есть","голубой","990"
"Tefal KI2100","Tefal",NA,NA,"нет","есть",NA,"нет","2400","1,5",NA,"металл","скрытый","нет",NA,NA,"механический","Старая модель","есть","стальной","1990"
"Kenwood SJM023","Kenwood",NA,NA,"нет","есть",NA,"нет","2200","1",NA,"Нержавеющая сталь","скрытый","нет",NA,NA,"механический",NA,"есть","синий","4490"
"Kenwood SJM024A","Kenwood",NA,NA,"нет","есть",NA,"нет","2200","1",NA,"Нержавеющая сталь","скрытый","есть",NA,NA,"механический",NA,"есть","черный","3690"
"Kenwood SJM028","Kenwood",NA,NA,"нет","есть",NA,"нет","2200","1",NA,"Нержавеющая сталь","скрытый","есть",NA,NA,"механический",NA,"есть","желтый","4490"
"Kenwood SJM029","Kenwood",NA,NA,"нет","есть",NA,"нет","2200","1",NA,"Нержавеющая сталь","скрытый","есть",NA,NA,"механический",NA,"есть","розовый","4490"
"Oursson EK1710P/DC","Oursson",NA,NA,"нет","есть",NA,"нет","2400","1,7",NA,"пластик","скрытый","нет",NA,NA,"механический",NA,"есть","темная вишня","1990"
"Oursson EK1710P/GA","Oursson",NA,NA,"нет","есть",NA,"нет","2400","1,7",NA,"пластик","скрытый","нет",NA,NA,"механический",NA,"есть","зеленое яблоко","1990"
"Oursson EK1710P/WH","Oursson",NA,NA,"нет","есть",NA,"нет","2400","1,7",NA,"пластик","скрытый","нет",NA,NA,"механический",NA,"есть","белый","1990"
"Oursson EK1555M/DC","Oursson",NA,NA,"нет","есть",NA,"нет","2200","1,5",NA,"металл","скрытый","нет",NA,NA,"механический",NA,"есть","темная вишня","2190"
"Oursson EK1555M/OR","Oursson",NA,NA,"нет","есть",NA,"нет","2200","1,5",NA,"металл","скрытый","нет",NA,NA,"механический",NA,"есть","оранжевый","2190"
"Oursson EK1760M/DC","Oursson",NA,NA,"нет","есть",NA,"нет","2400","1,7",NA,"Нержавеющая сталь","скрытый","нет",NA,NA,"механический",NA,"есть","темная вишня","3490"
"Oursson EK1760M/GA","Oursson",NA,NA,"нет","есть",NA,"нет","2400","1,7",NA,"Нержавеющая сталь","скрытый","нет",NA,NA,"механический",NA,"есть","зеленое яблоко","3490"
"Oursson EK1760M/IV","Oursson",NA,NA,"нет","есть",NA,"нет","2400","1,7",NA,"Нержавеющая сталь","скрытый","нет",NA,NA,"механический",NA,"есть","слоновая кость","2390"
"Oursson EK1775MD/DC","Oursson",NA,NA,"нет","есть",NA,"нет","2400","1,7",NA,"Нержавеющая сталь","скрытый","нет",NA,NA,"механический",NA,"есть","темная вишня","4490"
"Oursson EK1775MD/GA","Oursson",NA,NA,"нет","есть",NA,"нет","2400","1,7",NA,"Нержавеющая сталь","скрытый","нет",NA,NA,"механический",NA,"есть","зеленое яблоко","4490"
"Oursson EK1775MD/IV","Oursson",NA,NA,"нет","есть",NA,"нет","2400","1,7",NA,"Нержавеющая сталь","скрытый","нет",NA,NA,"механический",NA,"есть","слоновая кость","4490"
"Oursson EK1775MD/OR","Oursson",NA,NA,"нет","есть",NA,"нет","2400","1,7",NA,"Нержавеющая сталь","скрытый","нет",NA,NA,"механический",NA,"есть","оранжевый","4490"
"Bork K711","Bork",NA,NA,"есть","есть",NA,NA,"2400","1,7",NA,"Нержавеющая сталь","скрытый",NA,NA,NA,"механический",NA,"есть","стальной","7490"
"Bork K800","Bork",NA,NA,NA,"есть",NA,NA,"2400","1,7",NA,"Нержавеющая сталь","скрытый",NA,NA,NA,"механический",NA,"есть","стальной","12690"
"Bork K502","Bork",NA,NA,NA,"есть",NA,NA,"2400","1,7",NA,"Нержавеющая сталь","скрытый","есть",NA,NA,"механический",NA,"есть","стальной","5690"
"Bork K515","Bork",NA,NA,NA,"есть",NA,NA,"2400","1,7",NA,"Нерж.сталь/Термостойкое стекло","скрытый","есть",NA,NA,"механический",NA,"есть","стальной","5890"
"Bork K810","Bork",NA,NA,NA,"есть",NA,"да","2000","1,5",NA,"Нерж.сталь/Термостойкое стекло","скрытый",NA,NA,NA,"механический",NA,"есть","стальной","22490"
"Kenwood SJM490","Kenwood",NA,NA,"есть","есть",NA,"нет","2200","1,7",NA,"Нержавеющая сталь","скрытый","нет",NA,NA,"механический",NA,"есть","стальной","2990"
"Kenwood SJM510","Kenwood",NA,NA,"есть","есть",NA,"нет","2200","1,5",NA,"Нержавеющая сталь","скрытый","нет",NA,NA,"механический",NA,"есть","стальной","3189"
"Kenwood SKM030","Kenwood",NA,NA,"нет","есть",NA,"нет","2200","1,25",NA,"Нержавеющая сталь","скрытый","нет",NA,NA,"механический",NA,"есть","белый","3490"
"Kenwood SKM031","Kenwood",NA,NA,"нет","есть",NA,"нет","2200","1,25",NA,"Нержавеющая сталь","скрытый","нет",NA,NA,"механический",NA,"есть","красный","3490"
"Unit UEK-247 black","Unit",NA,"2 года","нет","есть",NA,"нет","2000","1,7",NA,"керамика","скрытый","есть",NA,NA,"механический",NA,"есть","черный","1350"
"Unit UEK-247 white","Unit",NA,"2 года","нет","есть",NA,"нет","2000","1,7",NA,"керамика","скрытый","есть",NA,NA,"механический",NA,"есть","белый","1350"
"Unit UEK-248 white","Unit",NA,"2 года","нет","есть",NA,"нет","2000","1,7",NA,"стекло","скрытый","есть",NA,NA,"механический",NA,"есть","белый","1330"
"Unit UEK-249","Unit",NA,"2 года","-","есть",NA,"нет","2000","1,7",NA,"керамика","скрытый","есть",NA,NA,"электронный",NA,"есть","белый","1720"
"Unit UEK-250","Unit",NA,"2 года","нет","есть",NA,"нет","2000","1,7",NA,"стекло","скрытый","есть",NA,NA,"электронный","Новая модель","есть","черный","1490"
"Unit UEK-258 black","Unit",NA,"2 года","нет","есть",NA,"нет","2000","1,7",NA,"стекло","скрытый","есть",NA,NA,"механический","Новая модель","есть","черный","1990"
"Unit UEK-258 white","Unit",NA,"2 года","нет","есть",NA,"нет","2000","1,7",NA,"стекло","скрытый","есть",NA,NA,"механический","Новая модель","есть","белый","1990"
"Unit UEK-260 black","Unit",NA,"2 года","нет","есть",NA,"нет","2000","1,7",NA,"стекло","скрытый","есть",NA,NA,"электронный","Новая модель","есть","черный","1490"
"Unit UEK-260 white","Unit",NA,"2 года","нет","есть",NA,"нет","2000","1,7",NA,"стекло","скрытый","есть",NA,NA,"электронный","Новая модель","есть","белый","1490"
"Unit UEK-248 black","Unit",NA,"2 года","нет","есть",NA,"нет","2000","1,7",NA,"стекло","скрытый","есть",NA,NA,"механический",NA,"есть","черный","1330"
"Unit UEK-232 black","Unit",NA,"2 года","нет","есть",NA,"нет","2000","1,7",NA,"Нержавеющая сталь","скрытый","есть","электрический чайник, заварной чайник, подставка",NA,"механический",NA,"есть","черный","3590"
"Unit UEK-245","Unit",NA,"2 года","нет","есть",NA,"нет","2000","1,7",NA,"стекло","скрытый","есть","электрический чайник, заварной чайник, подставка",NA,"механический",NA,"есть","черный","3790"
"Unit UEK-252 black","Unit",NA,"2 года","нет","есть",NA,"нет","2000","1,7",NA,"керамика","скрытый","есть","электрический чайник, заварной чайник, подставка",NA,"механический","Новая модель","есть","черный","4190"
"Tefal BF9252","Tefal",NA,NA,"нет","есть",NA,"нет","2200","1,7",NA,"пластик","скрытый","нет",NA,NA,"механический",NA,"есть","желтый","3120"
"Tefal KI230D30","Tefal",NA,"2 года","нет","есть",NA,"нет","2400","1,7",NA,"металл","скрытый","нет",NA,NA,"механический",NA,"есть","стальной","4290"
"Bosch TWK8613","Bosch",NA,NA,"есть","есть",NA,"нет","2400","1,5",NA,"металл/пластик","скрытый","нет",NA,NA,"электронный",NA,"есть","черный","5990"
"DeLonghi KBO2001.B","DeLonghi",NA,NA,"нет","есть",NA,"нет","2000","1,7",NA,"пластик","скрытый","нет",NA,NA,"механический",NA,"есть","синий","9990"
"Tefal BF2634","Tefal",NA,NA,"нет","есть",NA,"нет","2200","1,7",NA,"пластик","скрытый","нет",NA,NA,"механический",NA,"есть","голубой","1380"
"Tefal BF2639","Tefal",NA,NA,"нет","есть",NA,"нет","2200","1,7",NA,"пластик","скрытый","нет",NA,NA,"механический",NA,"есть","бордовый","1380"
"Tefal BF6621","Tefal",NA,NA,"нет","есть",NA,"нет","2200","1,7",NA,"пластик","скрытый","нет",NA,NA,"механический",NA,"есть","желтый","1690"
"Tefal KI2010","Tefal",NA,NA,"нет","есть",NA,"нет","2400","1,7",NA,"пластик","скрытый","нет",NA,NA,"механический",NA,"есть","бежевый","1880"
"Philips HD9343","Philips",NA,NA,"нет","есть",NA,"нет","2200","1,5",NA,"стекло, металл","скрытый","нет",NA,NA,"механический",NA,"есть","черный","3790"
"Oursson EK1550M/DC","Oursson",NA,NA,"нет","есть",NA,NA,"2200","1,6",NA,"металл","скрытый","есть",NA,NA,"механический",NA,"есть","темная вишня","2190"
"Oursson EK1550M/IV","Oursson",NA,NA,"нет","есть",NA,"нет","2200","1,6",NA,"металл","скрытый","есть",NA,NA,"механический",NA,"есть","слоновая кость","2190"
"Unit UEK-232 white","Unit",NA,"2 года","нет","есть",NA,"нет","2000","1,7",NA,"Нержавеющая сталь","скрытый","есть","электрический чайник, заварной чайник, подставка",NA,"механический",NA,"есть","белый","3590"
